,Unnamed: 0,Unnamed: 0.1,year,name,writer,category,winner,num 1 stars,num 2 stars,num 3 stars,num 4 stars,num 5 stars,average rating,average_rating_w,num_ratings,num_reviews,url,daysToContest,isbn,times_appred_NYTime,avgrank_NYTime,bestRank,listnames
0,0,0,2013,"Avatar: The Last Airbender: The Search, Part 1","['Gene Luen Yang', 'Bryan Konietzko', 'Michael Dante DiMartino', 'Dave Marshall', 'Gurihiru']",Graphic Novels & Comics,0,8,3,31,95,155,4.321917808219179,4.07,260424.0,21698.0,https://www.goodreads.com/book/show/16277248-avatar?from_choice=true,259.0,English,,,,
17,17,17,2013,Just One Day,['Gayle Forman'],Young Adult Fiction,0,1,7,43,109,143,4.273927392739274,3.95,1172183.0,89401.0,https://www.goodreads.com/book/show/12842115-just-one-day?from_choice=true,330.0,English,,,,
95,95,95,2013,Salt,['Nayyirah Waheed'],Poetry,0,0,0,9,14,43,4.5151515151515165,4.28,21489.0,2119.0,https://www.goodreads.com/book/show/18585282-salt?from_choice=true,71.0,English,,,,
100,100,100,2013,Survival Songs,['Meggie Royer'],Poetry,0,3,5,19,47,135,4.464114832535885,4.26,1351.0,109.0,https://www.goodreads.com/book/show/18369456-survival-songs?from_choice=true,-436.0,English,,,,
199,199,199,2013,Forged in Blood I,['Lindsay Buroker'],Fantasy,0,1,1,24,105,169,4.466666666666667,4.23,174418.0,11503.0,https://www.goodreads.com/book/show/15989176-forged-in-blood-i?from_choice=true,199.0,English,,,,
255,255,255,2013,Orphan Train,['Christina Baker Kline'],Fiction,0,2,7,41,152,97,4.120401337792642,4.09,417138.0,35762.0,https://www.goodreads.com/book/show/15818107-orphan-train?from_choice=true,246.0,English,,,,
307,307,307,2014,Alpha & Omega,"['Joe Hill', 'Gabriel Rodríguez']",Graphic Novels & Comics,0,0,1,14,73,212,4.653333333333333,4.03,658776.0,59771.0,https://www.goodreads.com/book/show/16164271-alpha-omega?from_choice=true,,,,,,
338,338,338,2014,We Were Liars,['E. Lockhart'],Young Adult Fiction,1,16,27,24,36,37,3.3642857142857143,3.79,536062.0,60310.0,https://www.goodreads.com/book/show/16143347-we-were-liars?from_choice=true,204.0,English,,,,
345,345,345,2014,This Star Won't Go Out: The Life and Words of Esther Grace Earl,"['Esther Earl', 'Lori Earl', 'Wayne Earl', 'John Green']",Memoir & Autobiography,1,0,4,23,66,203,4.581081081081081,4.06,6100113.0,336530.0,https://www.goodreads.com/book/show/17675031-this-star-won-t-go-out?from_choice=true,309.0,English,,,,
414,414,414,2014,Lullabies,['Lang Leav'],Poetry,1,4,17,39,75,162,4.25925925925926,3.98,98320.0,8319.0,https://www.goodreads.com/book/show/22151696-lullabies?from_choice=true,78.0,English,,,,
440,440,440,2014,The Kiss of Deception,['Mary E. Pearson'],Young Adult Fantasy,0,8,18,46,99,117,4.038194444444445,4.03,223539.0,28450.0,https://www.goodreads.com/book/show/16429619-the-kiss-of-deception?from_choice=true,148.0,English,,,,
441,441,441,2014,White Hot Kiss,['Jennifer L. Armentrout'],Young Adult Fantasy,0,3,5,30,90,161,4.3875432525951545,4.21,1660885.0,146411.0,https://www.goodreads.com/book/show/17455585-white-hot-kiss?from_choice=true,281.0,English,,,,
447,447,447,2014,Ruin and Rising,['Leigh Bardugo'],Young Adult Fantasy,0,4,10,39,104,140,4.232323232323233,4.22,1044221.0,143448.0,https://www.goodreads.com/book/show/14061957-ruin-and-rising?from_choice=true,169.0,English,,,,
459,459,459,2014,A Better World,['Marcus Sakey'],Science Fiction,0,2,5,39,162,92,4.123333333333333,3.96,78533.0,6244.0,https://www.goodreads.com/book/show/20797535-a-better-world?from_choice=true,169.0,English,,,,
460,460,460,2014,Cibola Burn,['James S.A. Corey'],Science Fiction,0,0,11,44,143,102,4.12,4.24,533078.0,33985.0,https://www.goodreads.com/book/show/18656030-cibola-burn?from_choice=true,169.0,English,,,,
505,505,505,2014,What If?: Serious Scientific Answers to Absurd Hypothetical Questions,['Randall Munroe'],Nonfiction,0,1,0,19,102,176,4.516778523489934,4.16,132666.0,9829.0,https://www.goodreads.com/book/show/21413662-what-if?from_choice=true,,,,,,
567,567,567,2014,Sweet Addiction,['J.  Daniels'],Debut Goodreads Author,0,1,13,47,116,121,4.151006711409397,4.17,125022.0,12676.0,https://www.goodreads.com/book/show/22028454-sweet-addiction?from_choice=true,215.0,English,,,,
587,587,587,2014,Make It Ahead: A Barefoot Contessa Cookbook,['Ina Garten'],Food & Cookbooks,1,5,18,60,105,111,4.0,4.16,166255.0,1704.0,https://www.goodreads.com/book/show/20697389-make-it-ahead?from_choice=true,,,,,,
610,610,610,2015,"The Unbeatable Squirrel Girl, Vol. 1: Squirrel Power","['Ryan North', 'Erica Henderson', 'Maris Wicks', 'Kyle Starks', 'Chris Giarrusso', 'Rico Renzi', 'Wil Moss']",Graphic Novels & Comics,0,1,7,31,111,148,4.3355704697986575,4.14,91496.0,9790.0,https://www.goodreads.com/book/show/23732096-the-unbeatable-squirrel-girl-vol-1?from_choice=true,91.0,English,,,,
611,611,611,2015,The Far Reaching Tentacles of N'rygoth,"['Kurtis J. Wiebe', 'Roc Upchurch', 'Stjepan Šejić']",Graphic Novels & Comics,0,0,1,22,152,125,4.336666666666667,4.05,95446.0,8240.0,https://www.goodreads.com/book/show/23012877-the-far-reaching-tentacles-of-n-rygoth?from_choice=true,209.0,English,,,,
612,612,612,2015,"The Wicked + The Divine, Vol. 2: Fandemonium","['Kieron Gillen', 'Jamie McKelvie', 'Matt Wilson', 'Clayton Cowles']",Graphic Novels & Comics,0,0,7,37,120,134,4.278523489932886,,,,https://www.goodreads.com/book/show/24666002-the-wicked-the-divine-vol-2?from_choice=true,,,,,,
673,673,673,2015,The Air He Breathes,['Brittainy C. Cherry'],Romance,0,0,6,29,71,192,4.506711409395972,4.26,160480.0,21823.0,https://www.goodreads.com/book/show/26721257-the-air-he-breathes?from_choice=true,67.0,English,,,,
674,674,674,2015,Thoughtful,['S.C. Stephens'],Romance,0,2,3,38,85,155,4.371024734982332,4.23,378805.0,25396.0,https://www.goodreads.com/book/show/22675992-thoughtful?from_choice=true,280.0,English,,,,
740,740,740,2015,King of Thieves,['Evan Currie'],Science Fiction,0,3,8,66,115,108,4.056666666666667,4.2,70989.0,3195.0,https://www.goodreads.com/book/show/23431348-king-of-thieves?from_choice=true,245.0,English,,,,
741,741,741,2015,BrainWeb,['Douglas E. Richards'],Science Fiction,0,9,21,43,110,116,4.013377926421405,3.99,74384.0,5104.0,https://www.goodreads.com/book/show/24911173-brainweb?from_choice=true,294.0,English,,,,
742,742,742,2015,The Dark Forest,"['Liu Cixin', 'Joel Martinsen']",Science Fiction,0,1,2,29,84,184,4.493333333333333,4.2,211640.0,22175.0,https://www.goodreads.com/book/show/23168817-the-dark-forest?from_choice=true,112.0,English,,,,
796,796,796,2015,Yield the Night,['Annette Marie'],Fantasy,0,2,1,31,95,169,4.4362416107382545,4.33,78973.0,7235.0,https://www.goodreads.com/book/show/24435364-yield-the-night?from_choice=true,249.0,English,,,,
808,808,808,2015,The Fifth Season,['N.K. Jemisin'],Fantasy,0,3,5,24,72,194,4.506711409395972,4.18,350231.0,38158.0,https://www.goodreads.com/book/show/19161852-the-fifth-season?from_choice=true,119.0,English,,,,
821,821,821,2015,Marrow,['Tarryn Fisher'],Mystery & Thriller,0,0,8,50,107,116,4.177935943060498,4.09,333713.0,46414.0,https://www.goodreads.com/book/show/25379213-marrow?from_choice=true,229.0,English,,,,
849,849,849,2015,Three Simple Rules,['Nikki Sloane'],Debut Goodreads Author,0,0,7,37,120,134,4.278523489932886,4.1,28593.0,4695.0,https://www.goodreads.com/book/show/23016075-three-simple-rules?from_choice=true,309.0,English,,,,
901,901,901,2012,"Avatar: The Last Airbender: The Promise, Part 1","['Gene Luen Yang', 'Bryan Konietzko', 'Michael Dante DiMartino', 'Gurihiru']",Graphic Novels & Comics,0,5,13,52,111,117,4.080536912751678,4.07,260486.0,21703.0,https://www.goodreads.com/book/show/12413836-avatar?from_choice=true,315.0,English,,,,
905,905,905,2012,"Scalped, Vol. 9: Knuckle Up","['Jason Aaron', 'R.M. Guéra', 'Igor Kordey', 'Timothy Truman', 'Jill Thompson', 'Jordi Bernet', 'Denys Cowan', 'Dean Haspiel']",Graphic Novels & Comics,0,0,1,12,65,98,4.477272727272728,4.0,218803.0,18362.0,https://www.goodreads.com/book/show/13228306-scalped-vol-9?from_choice=true,127.0,English,,,,
906,906,906,2012,Chopsticks,"['Jessica Anthony', 'Rodrigo Corral']",Graphic Novels & Comics,0,8,26,71,120,68,3.7303754266211606,3.68,28260.0,2158.0,https://www.goodreads.com/book/show/10710392-chopsticks?from_choice=true,307.0,English,,,,
909,909,909,2012,The Infernal Devices: Clockwork Angel,"['Cassandra Clare', 'Hye-Kyung Baek', 'Hyekyung Baek']",Graphic Novels & Comics,0,9,11,42,81,148,4.195876288659794,4.26,22719.0,1629.0,https://www.goodreads.com/book/show/13226173-the-infernal-devices?from_choice=true,36.0,English,,,,
910,910,910,2012,Clockworks,"['Joe Hill', 'Gabriel Rodríguez']",Graphic Novels & Comics,0,0,4,22,101,202,4.522796352583587,4.03,659090.0,59783.0,https://www.goodreads.com/book/show/13490570-clockworks?from_choice=true,,,,,,
912,912,912,2012,Friends With Boys,['Faith Erin Hicks'],Graphic Novels & Comics,0,2,11,69,137,79,3.9395973154362416,3.99,93141.0,12326.0,https://www.goodreads.com/book/show/11389398-friends-with-boys?from_choice=true,281.0,English,,,,
913,913,913,2012,Fever Moon: The Fear Dorcha,"['David    Lawrence', 'Karen Marie Moning', 'Al Rio', 'Cliff Richards']",Graphic Novels & Comics,0,3,11,64,122,94,3.9965986394557818,4.24,902973.0,56106.0,https://www.goodreads.com/book/show/10630620-fever-moon?from_choice=true,148.0,English,,,,
930,930,930,2012,Mrs. Kennedy and Me: An Intimate Memoir,"['Clint Hill', 'Lisa McCubbin']",Memoir & Autobiography,0,0,7,44,126,122,4.214046822742476,4.21,23335.0,2891.0,https://www.goodreads.com/book/show/13230263-mrs-kennedy-and-me?from_choice=true,246.0,English,,,,
969,969,969,2012,Seduction and Snacks,['Tara Sivec'],Romance,0,8,11,25,85,166,4.322033898305085,4.14,221195.0,25873.0,https://www.goodreads.com/book/show/15704001-seduction-and-snacks?from_choice=true,177.0,English,,,,
990,990,990,2012,Alien vs. Predator,['Michael  Robbins'],Poetry,0,9,10,18,41,33,3.711711711711712,3.52,1539.0,182.0,https://www.goodreads.com/book/show/11737010-alien-vs-predator?from_choice=true,253.0,English,,,,
998,998,998,2012,The Unwords,['Non Nomen'],Poetry,0,0,6,9,20,42,4.2727272727272725,3.72,282.0,46.0,https://www.goodreads.com/book/show/13508406-the-unwords?from_choice=true,271.0,English,,,,
1002,1002,1002,2012,October Mourning: A Song for Matthew Shepard,['Lesléa Newman'],Poetry,0,2,7,20,43,102,4.35632183908046,4.0,18915.0,2785.0,https://www.goodreads.com/book/show/13530012-october-mourning?from_choice=true,71.0,English,,,,
1020,1020,1020,2012,Onyx,['Jennifer L. Armentrout'],Young Adult Fantasy,0,3,3,22,63,232,4.603715170278638,4.21,1660885.0,146411.0,https://www.goodreads.com/book/show/13047090-onyx?from_choice=true,113.0,English,,,,
1032,1032,1032,2012,Throne of Glass,['Sarah J. Maas'],Young Adult Fantasy,0,5,16,53,79,145,4.151006711409397,4.4,2692049.0,275178.0,https://www.goodreads.com/book/show/7896527-throne-of-glass?from_choice=true,120.0,English,,,,
1053,1053,1053,2012,Wonder,['R.J. Palacio'],Middle Grade & Children's,0,1,2,18,58,219,4.651006711409397,4.43,706214.0,71068.0,https://www.goodreads.com/book/show/11387515-wonder?from_choice=true,295.0,English,,,,
1125,1125,1125,2012,Onyx,['Jennifer L. Armentrout'],Goodreads Author,0,3,3,22,63,232,4.603715170278638,4.21,1660885.0,146411.0,https://www.goodreads.com/book/show/13047090-onyx?from_choice=true,113.0,English,,,,
1208,1208,1208,2017,"The Wicked + The Divine, Vol. 5: Imperial Phase, Part I","['Kieron Gillen', 'Jamie McKelvie', 'Matt Wilson', 'Kevin Wada']",Graphic Novels & Comics,0,0,6,31,151,111,4.22742474916388,,,,https://www.goodreads.com/book/show/33585540-the-wicked-the-divine-vol-5?from_choice=true,,,,,,
1319,1319,1319,2017,The Awakening,['Amanda Stevens'],Horror,0,1,2,29,105,162,4.421404682274248,3.93,45441.0,5851.0,https://www.goodreads.com/book/show/29326301-the-awakening?from_choice=true,252.0,English,,,,
1402,1402,1402,2017,The Stone Sky,['N.K. Jemisin'],Fantasy,0,4,5,27,83,175,4.428571428571429,4.18,350231.0,38158.0,https://www.goodreads.com/book/show/31817749-the-stone-sky?from_choice=true,112.0,English,,,,
1412,1412,1412,2017,Secrets in Death,['J.D. Robb'],Mystery & Thriller,0,4,6,30,75,182,4.430976430976432,4.3,1494424.0,65142.0,https://www.goodreads.com/book/show/32835140-secrets-in-death?from_choice=true,91.0,English,,,,
1500,1500,1500,2019,"The Umbrella Academy, Vol. 3: Hotel Oblivion","['Gerard Way', 'Gabriel Bá']",Graphic Novels & Comics,0,4,23,87,81,100,3.8474576271186436,3.99,99664.0,8677.0,https://www.goodreads.com/book/show/21801668-the-umbrella-academy-vol-3?from_choice=true,84.0,English,,,,
1503,1503,1503,2019,Shades of Magic Vol. 1: The Steel Prince,"['V.E. Schwab', 'Andrea Olimpieri']",Graphic Novels & Comics,0,45,31,69,53,87,3.3719298245614038,4.2,461911.0,70113.0,https://www.goodreads.com/book/show/38524301-shades-of-magic-vol-1?from_choice=true,279.0,English,,,,
1507,1507,1507,2019,"""Okay""","['Kieron Gillen', 'Jamie McKelvie', 'Matt Wilson']",Graphic Novels & Comics,0,0,3,34,109,148,4.367346938775509,3.99,182143.0,15002.0,https://www.goodreads.com/book/show/42835876-okay?from_choice=true,63.0,English,,,,
1510,1510,1510,2019,"Fence, Vol. 3","['C.S. Pacat', 'Johanna the Mad', 'Joana LaFuente']",Graphic Novels & Comics,0,1,4,33,123,134,4.305084745762712,4.2,170589.0,23117.0,https://www.goodreads.com/book/show/40538764-fence-vol-3?from_choice=true,112.0,English,,,,
1512,1512,1512,2019,"Die, Vol. 1: Fantasy Heartbreaker","['Kieron Gillen', 'Stephanie Hans']",Graphic Novels & Comics,0,2,12,34,104,131,4.236749116607774,3.97,280507.0,24703.0,https://www.goodreads.com/book/show/42667807-die-vol-1?from_choice=true,182.0,English,,,,
1514,1514,1514,2019,Kid Gloves: Nine Months of Careful Chaos,['Lucy Knisley'],Graphic Novels & Comics,0,2,1,21,87,188,4.531772575250836,3.93,58496.0,7769.0,https://www.goodreads.com/book/show/39073378-kid-gloves?from_choice=true,287.0,English,,,,
1519,1519,1519,2019,"Monstress, Vol. 4: The Chosen","['Marjorie M. Liu', 'Sana Takeda']",Graphic Novels & Comics,0,1,5,51,115,125,4.205387205387205,3.98,183710.0,16212.0,https://www.goodreads.com/book/show/45899240-monstress-vol-4?from_choice=true,70.0,English,,,,
1521,1521,1521,2019,I Wish You All the Best,['Mason Deaver'],Young Adult Fiction,0,6,4,20,73,169,4.452205882352942,4.17,8601.0,2166.0,https://www.goodreads.com/book/show/41473872-i-wish-you-all-the-best?from_choice=true,210.0,English,,,,
1530,1530,1530,2019,Lovely War,['Julie Berry'],Young Adult Fiction,0,1,7,30,92,160,4.389655172413793,3.88,47316.0,8784.0,https://www.goodreads.com/book/show/44107480-lovely-war?from_choice=true,280.0,English,,,,
1531,1531,1531,2019,Love From A to Z,['S.K. Ali'],Young Adult Fiction,0,2,9,26,100,147,4.341549295774648,,,,https://www.goodreads.com/book/show/40148146-love-from-a-to-z?from_choice=true,224.0,B07M5V9VS9,0.0,inf,inf,0.0
1540,1540,1540,2019,In the Dream House: A Memoir,['Carmen Maria Machado'],Memoir & Autobiography,0,1,4,5,46,242,4.758389261744966,4.04,45099.0,7207.0,https://www.goodreads.com/book/show/42188604-in-the-dream-house?from_choice=true,35.0,English,,,,
1580,1580,1580,2019,The Flatshare,"[""Beth O'Leary""]",Romance,0,2,3,26,108,158,4.404040404040403,4.13,43208.0,7450.0,https://www.goodreads.com/book/show/41150287-the-flatshare?from_choice=true,196.0,English,,,,
1585,1585,1585,2019,Pretty Reckless,['L.J. Shen'],Romance,0,9,7,11,39,191,4.5408560311284045,,,,https://www.goodreads.com/book/show/39709060-pretty-reckless?from_choice=true,233.0,1095447416,0.0,inf,inf,0.0
1597,1597,1597,2019,"Red, White & Royal Blue",['Casey McQuiston'],Romance,1,3,5,17,42,220,4.641114982578396,,,,https://www.goodreads.com/book/show/47904396-red-white-royal-blue?from_choice=true,131.0,1250316774,1.0,15.0,15.0,1.0
1616,1616,1616,2019,Twas the Nightshift before Christmas,['Adam Kay'],Humor,0,3,4,31,92,169,4.404682274247492,4.38,131041.0,8837.0,https://www.goodreads.com/book/show/45181834-twas-the-nightshift-before-christmas?from_choice=true,56.0,English,,,,
1635,1635,1635,2019,Deaf Republic,['Ilya Kaminsky'],Poetry,0,1,2,15,52,228,4.6912751677852365,4.08,7959.0,1072.0,https://www.goodreads.com/book/show/40121980-deaf-republic?from_choice=true,280.0,English,,,,
1675,1675,1675,2019,Serpent & Dove,['Shelby Mahurin'],Young Adult Fantasy,0,5,10,34,85,151,4.287719298245613,4.21,25278.0,5680.0,https://www.goodreads.com/book/show/40024139-serpent-dove?from_choice=true,98.0,English,,,,
1699,1699,1699,2019,One Word Kill,['Mark  Lawrence'],Science Fiction,0,3,10,31,111,133,4.2534722222222205,,,,https://www.goodreads.com/book/show/42036965-one-word-kill?from_choice=true,223.0,1542042836,0.0,inf,inf,0.0
1703,1703,1703,2019,Aru Shah and the Song of Death,['Roshani Chokshi'],Middle Grade & Children's,0,7,6,26,107,148,4.302721088435374,,,,https://www.goodreads.com/book/show/41067826-aru-shah-and-the-song-of-death?from_choice=true,224.0,1368013848,14.0,0.1904356313191879,2.0,1.0
1739,1739,1739,2019,Say Nothing: A True Story of Murder and Memory in Northern Ireland,['Patrick Radden Keefe'],History & Biography,0,5,0,10,86,197,4.577181208053691,4.44,22325.0,3185.0,https://www.goodreads.com/book/show/40163119-say-nothing?from_choice=true,287.0,English,,,,
1762,1762,1762,2019,Gods of Jade and Shadow,['Silvia Moreno-Garcia'],Fantasy,0,3,9,42,93,100,4.125506072874494,3.84,23671.0,5123.0,https://www.goodreads.com/book/show/36510722-gods-of-jade-and-shadow?from_choice=true,140.0,English,,,,
1768,1768,1768,2019,Ninth House,['Leigh Bardugo'],Fantasy,1,8,9,19,28,88,4.177631578947368,,,,https://www.goodreads.com/book/show/43263680-ninth-house?from_choice=true,63.0,1250313074,6.0,1.1166666666666667,4.0,2.0
1771,1771,1771,2019,Darkdawn,['Jay Kristoff'],Fantasy,0,7,8,13,45,178,4.5099601593625485,,,,https://www.goodreads.com/book/show/37587820-darkdawn?from_choice=true,98.0,1250073049,0.0,inf,inf,0.0
1779,1779,1779,2019,The Winter of the Witch,['Katherine Arden'],Fantasy,0,2,5,14,68,196,4.582456140350877,,,,https://www.goodreads.com/book/show/36906346-the-winter-of-the-witch?from_choice=true,336.0,1101885998,1.0,10.0,10.0,1.0
1789,1789,1789,2019,My Lovely Wife,['Samantha  Downing'],Mystery & Thriller,0,4,15,34,131,115,4.130434782608695,3.91,43339.0,6427.0,https://www.goodreads.com/book/show/39796904-my-lovely-wife?from_choice=true,259.0,English,,,,
1797,1797,1797,2019,Disappearing Earth,['Julia  Phillips'],Mystery & Thriller,0,10,14,55,96,116,4.010309278350515,3.94,13700.0,2202.0,https://www.goodreads.com/book/show/34563821-disappearing-earth?from_choice=true,210.0,English,,,,
1804,1804,1804,2019,"Red, White & Royal Blue",['Casey McQuiston'],Debut Novel,1,3,5,17,42,220,4.641114982578396,4.33,76440.0,16529.0,https://www.goodreads.com/book/show/41150487-red-white-royal-blue?from_choice=true,210.0,English,,,,
1811,1811,1811,2019,Serpent & Dove,['Shelby Mahurin'],Debut Novel,0,5,10,34,85,151,4.287719298245613,4.21,25278.0,5680.0,https://www.goodreads.com/book/show/40024139-serpent-dove?from_choice=true,98.0,English,,,,
1840,1840,1840,2019,How To: Absurd Scientific Advice for Common Real-World Problems,['Randall Munroe'],Science & Technology,0,1,1,31,101,164,4.429530201342282,4.16,139809.0,10363.0,https://www.goodreads.com/book/show/43852758-how-to?from_choice=true,98.0,English,,,,
1852,1852,1852,2019,The Perfect Predator: A Scientist's Race to Save Her Husband from a Deadly Superbug: A Memoir,"['Steffanie Strathdee', 'Thomas Patterson']",Science & Technology,0,2,0,23,85,190,4.536666666666667,4.41,1185.0,245.0,https://www.goodreads.com/book/show/36589701-the-perfect-predator?from_choice=true,287.0,English,,,,
1858,1858,1858,2019,The Uninhabitable Earth: Life After Warming,['David Wallace-Wells'],Science & Technology,0,5,10,29,102,153,4.297658862876253,4.13,10326.0,1961.0,https://www.goodreads.com/book/show/41552709-the-uninhabitable-earth?from_choice=true,294.0,English,,,,
1867,1867,1867,2019,The Gifted School,['Bruce Holsinger'],Fiction,0,18,20,36,110,113,3.942760942760944,3.74,22637.0,3358.0,https://www.goodreads.com/book/show/42207168-the-gifted-school?from_choice=true,161.0,English,,,,
1901,1901,1901,2018,"Saga, Vol. 8","['Brian K. Vaughan', 'Fiona Staples']",Graphic Novels & Comics,0,0,3,19,122,156,4.4366666666666665,4.24,1427099.0,82595.0,https://www.goodreads.com/book/show/34963526-saga-vol-8?from_choice=true,342.0,English,,,,
1950,1950,1950,2018,They Say Blue,['Jillian Tamaki'],Picture Books,0,3,12,53,112,115,4.098305084745761,3.74,81017.0,9157.0,https://www.goodreads.com/book/show/35833840-they-say-blue?from_choice=true,278.0,English,,,,
1952,1952,1952,2018,Prince & Knight,"['Daniel Haack', 'Stevie Lewis']",Picture Books,0,1,6,41,86,163,4.36026936026936,4.25,4960.0,1083.0,https://www.goodreads.com/book/show/34204247-prince-knight?from_choice=true,217.0,English,,,,
2002,2002,2002,2018,A Love Letter from the Girls Who Feel Everything,"['Brittainy C. Cherry', 'Kandi Steiner']",Poetry,0,4,17,39,101,136,4.171717171717171,4.26,160714.0,21856.0,https://www.goodreads.com/book/show/41241311-a-love-letter-from-the-girls-who-feel-everything?from_choice=true,82.0,English,,,,
2050,2050,2050,2018,The 7½ Deaths of Evelyn Hardcastle,['Stuart Turton'],Debut Author,0,3,10,42,94,143,4.2465753424657535,3.92,72055.0,13348.0,https://www.goodreads.com/book/show/36337550-the-7-deaths-of-evelyn-hardcastle?from_choice=true,77.0,English,,,,
2062,2062,2062,2018,The Calculating Stars,['Mary Robinette Kowal'],Science Fiction,0,5,3,20,81,189,4.496644295302014,3.95,93943.0,12954.0,https://www.goodreads.com/book/show/33080122-the-calculating-stars?from_choice=true,154.0,English,,,,
2097,2097,2097,2018,Indianapolis: The True Story of the Worst Sea Disaster in U.S. Naval History and the Fifty-Year Fight to Exonerate an Innocent Man,"['Lynn Vincent', 'Sara Vladic']",History & Biography,0,4,7,19,54,213,4.565656565656567,4.04,344487.0,24407.0,https://www.goodreads.com/book/show/36373560-indianapolis?from_choice=true,147.0,English,,,,
2130,2130,2130,2018,The 7½ Deaths of Evelyn Hardcastle,['Stuart Turton'],Mystery & Thriller,0,3,10,42,94,143,4.2465753424657535,3.92,72055.0,13348.0,https://www.goodreads.com/book/show/36337550-the-7-deaths-of-evelyn-hardcastle?from_choice=true,77.0,English,,,,
2169,2169,2169,2018,A Court of Wings and Ruin,['Sarah J. Maas'],Best of the Best,0,7,20,14,45,196,4.429078014184396,,,,https://www.goodreads.com/book/show/23766634-a-court-of-wings-and-ruin?from_choice=true,217.0,1408857901,0.0,inf,inf,0.0
2195,2195,2195,2018,The Book of Essie,['Meghan MacLean Weir'],Fiction,0,2,9,52,120,115,4.130872483221476,3.93,21700.0,2840.0,https://www.goodreads.com/book/show/36723245-the-book-of-essie?from_choice=true,175.0,English,,,,
2221,2221,2221,2011,Keys to the Kingdom,"['Joe Hill', 'Gabriel Rodríguez']",Graphic Novels & Comics,0,0,1,22,115,160,4.456375838926174,4.03,658776.0,59771.0,https://www.goodreads.com/book/show/9674335-keys-to-the-kingdom?from_choice=true,,,,,,
2240,2240,2240,2011,Lola and the Boy Next Door,['Stephanie Perkins'],Young Adult Fiction,0,0,6,30,89,170,4.433898305084746,3.97,639802.0,66537.0,https://www.goodreads.com/book/show/9961796-lola-and-the-boy-next-door?from_choice=true,69.0,English,,,,
2304,2304,2304,2011,A Lot like Love,['Julie James'],Romance,0,1,6,35,125,132,4.274247491638796,3.99,223678.0,13360.0,https://www.goodreads.com/book/show/8419428-a-lot-like-love?from_choice=true,281.0,English,,,,
2366,2366,2366,2011,Seed,['Ania Ahlborn'],Horror,0,5,15,48,107,85,3.969230769230769,3.6,33871.0,4960.0,https://www.goodreads.com/book/show/11422798-seed?from_choice=true,189.0,English,,,,
2379,2379,2379,2011,Forever,['Maggie Stiefvater'],Young Adult Fantasy,0,9,18,70,98,98,3.880546075085325,3.99,1413364.0,136366.0,https://www.goodreads.com/book/show/9409458-forever?from_choice=true,148.0,English,,,,
2416,2416,2416,2011,Alien in the Family,"['Gini Koch', 'Daniel Dos Santos']",Science Fiction,0,1,15,52,105,125,4.134228187919463,4.05,23883.0,2891.0,https://www.goodreads.com/book/show/8714075-alien-in-the-family?from_choice=true,246.0,English,,,,
2503,2503,2503,2011,A Dance with Dragons,['George R.R. Martin'],Fantasy,1,1,10,58,122,103,4.074829931972789,4.37,5169097.0,189080.0,https://www.goodreads.com/book/show/10664113-a-dance-with-dragons?from_choice=true,148.0,English,,,,
2526,2526,2526,2011,Pirate King,['Laurie R. King'],Mystery & Thriller,0,11,42,109,97,38,3.3670033670033668,4.04,315382.0,26198.0,https://www.goodreads.com/book/show/9970915-pirate-king?from_choice=true,340.0,English,,,,
2542,2542,2542,2011,Forever,['Maggie Stiefvater'],Goodreads Author,0,9,18,70,98,98,3.880546075085325,3.99,1413364.0,136366.0,https://www.goodreads.com/book/show/9409458-forever?from_choice=true,148.0,English,,,,
2639,2639,2639,2011,Hounded,['Kevin Hearne'],Paranormal Fantasy,0,0,11,49,124,115,4.147157190635451,4.17,426946.0,27298.0,https://www.goodreads.com/book/show/9533378-hounded?from_choice=true,218.0,English,,,,
2640,2640,2640,2011,A Dance with Dragons,['George R.R. Martin'],Favorite Book of 2011,0,1,10,58,122,103,4.074829931972789,4.37,5169097.0,189080.0,https://www.goodreads.com/book/show/10664113-a-dance-with-dragons?from_choice=true,148.0,English,,,,
2648,2648,2648,2011,Forever,['Maggie Stiefvater'],Favorite Book of 2011,0,9,18,70,98,98,3.880546075085325,3.99,1413364.0,136366.0,https://www.goodreads.com/book/show/9409458-forever?from_choice=true,148.0,English,,,,
2662,2662,2662,2016,Black Panther #1,"['Ta-Nehisi Coates', 'Brian Stelfreeze']",Graphic Novels & Comics,0,2,10,74,127,84,3.9461279461279455,,,,https://www.goodreads.com/book/show/29812803-black-panther-1?from_choice=true,244.0,B01BCPZBWI,0.0,inf,inf,0.0
2663,2663,2663,2016,"The Wicked + The Divine, Vol. 3: Commercial Suicide","['Kieron Gillen', 'Jamie McKelvie', 'Tula Lotay', 'Kate Brown', 'Stephanie Hans', 'Leila del Duca', 'Brandon Graham']",Graphic Novels & Comics,0,5,31,103,110,51,3.57,,,,https://www.goodreads.com/book/show/25853351-the-wicked-the-divine-vol-3?from_choice=true,,,,,,
2673,2673,2673,2016,"Monstress, Vol. 1: Awakening","['Marjorie M. Liu', 'Sana Takeda']",Graphic Novels & Comics,0,1,9,36,108,144,4.2919463087248335,3.97,177922.0,15629.0,https://www.goodreads.com/book/show/29396738-monstress-vol-1?from_choice=true,140.0,English,,,,
2733,2733,2733,2016,The Hating Game,['Sally  Thorne'],Romance,0,4,16,26,93,157,4.293918918918919,4.04,123177.0,19386.0,https://www.goodreads.com/book/show/27213238-the-hating-game?from_choice=true,119.0,English,,,,
2753,2753,2753,2016,Stuff Ive Been Feeling Lately,['Alicia Cook'],Poetry,0,1,11,14,32,53,4.126126126126128,3.85,3401.0,614.0,https://www.goodreads.com/book/show/29059581-stuff-ive-been-feeling-lately?from_choice=true,,,,,,
2757,2757,2757,2016,Then Come Back: The Lost Neruda Poems,"['Pablo Neruda', 'Forrest Gander']",Poetry,0,1,2,19,48,67,4.299270072992701,4.31,127889.0,6627.0,https://www.goodreads.com/book/show/26196204-then-come-back?from_choice=true,217.0,English,,,,
2767,2767,2767,2016,24690,"['A.A. Dark', 'Alaska Angelini']",Horror,0,7,9,47,82,154,4.22742474916388,4.01,10408.0,1679.0,https://www.goodreads.com/book/show/32198636-24690?from_choice=true,144.0,English,,,,
2784,2784,2784,2016,Empire of Storms,['Sarah J. Maas'],Young Adult Fantasy,0,8,5,13,45,209,4.5785714285714265,4.4,2692049.0,275178.0,https://www.goodreads.com/book/show/28260587-empire-of-storms?from_choice=true,91.0,English,,,,
2860,2860,2860,2016,The Obelisk Gate,['N.K. Jemisin'],Fantasy,0,6,2,20,117,153,4.37248322147651,4.18,350231.0,38158.0,https://www.goodreads.com/book/show/26228034-the-obelisk-gate?from_choice=true,110.0,English,,,,
